﻿<?xml version="1.0"?>
<doc>
<assembly>
<name>
Fold The Bottle
</name>
</assembly>
<members>
<member name="T:Fold_The_Bottle.My.Resources.Resources">
<summary>
  A strongly-typed resource class, for looking up localized strings, etc.
</summary>
</member>
<member name="P:Fold_The_Bottle.My.Resources.Resources.ResourceManager">
<summary>
  Returns the cached ResourceManager instance used by this class.
</summary>
</member>
<member name="P:Fold_The_Bottle.My.Resources.Resources.Culture">
<summary>
  Overrides the current thread's CurrentUICulture property for all
  resource lookups using this strongly typed resource class.
</summary>
</member>
<member name="P:Fold_The_Bottle.My.Resources.Resources.bottle">
<summary>
  Looks up a localized resource of type System.Drawing.Bitmap.
</summary>
</member>
<member name="P:Fold_The_Bottle.My.Resources.Resources.broken_bottle">
<summary>
  Looks up a localized resource of type System.Drawing.Bitmap.
</summary>
</member>
<member name="P:Fold_The_Bottle.My.Resources.Resources.broken_broken_bottle">
<summary>
  Looks up a localized resource of type System.Drawing.Bitmap.
</summary>
</member>
</members>
</doc>
